INSERT INTO `jobs` (`name`, `label`, `whitelisted`) VALUES
	('abm', 'ABM', 1),
	('ace', 'ACE', 0),
	('ambulance', 'EMS', 1),
	('amr', 'AMR', 1),
	('b4boyz', 'B4 Boyz', 1),
	('beanmachine', 'Bean Machine', 0),
	('bgb', 'BGB', 1),
	('burgershot', 'Burger Shot', 0),
	('busdriver', 'Bus Driver', 0),
	('casino', 'Casino', 0),
	('crips', 'CRIPS', 1),
	('d4l', 'D4L', 1),
	('doa', 'DOA', 1),
	('doj', 'D.O.J', 0),
	('ebk', 'EBK', 1),
	('gg', 'GG', 1),
	('gopostal', 'Go Postal', 0),
	('hornys', 'Hornys', 0),
	('krashout', 'Krashout', 0),
	('lscso', 'LSCSO', 1),
	('lspd', 'LSPD', 1),
	('lux', 'Lux', 0),
	('mg', 'MG', 1),
	('monkeygang', 'MonkeyGang', 1),
	('myns', 'Mayan', 0),
	('offambulance', 'Ambulance', 1),
	('offpolice', 'LSPD', 1),
	('offsheriff', 'Sheriff', 1),
	('otf', 'OTF', 0),
	('pmf', 'PMF', 1),
	('police', 'LSPD', 1),
	('sadot', 'S.A DOT', 1),
	('sahp', 'SAHP', 1),
	('sanitation', 'Sanitation', 0),
	('stk', 'STK', 1),
	('tic', 'TIC', 1),
	('trucker', 'Trucker', 0),
	('ttg', 'TTG', 0),
	('unemployed', 'Unemployed', 0),
	('upnatom', 'Up\'n\'Atom', 0),
	('vu', 'Vanilla Unicorn', 1),
	('wsm', 'WSM', 1),
	('ysl', 'YSL', 1),
	('ytb', 'YTB', 1);

INSERT INTO `job_grades` (`id`, `job_name`, `grade`, `name`, `label`, `salary`, `skin_male`, `skin_female`, `discordId`, `type`) VALUES
	(1, 'unemployed', 0, 'unemployed', 'Unemployed', 200, '{}', '{}', NULL, 'job'),
	(2, 'police', 0, 'recruit', 'Recruit', 500, '{}', '{}', NULL, 'job'),
	(3, 'police', 1, 'officer', 'Officer', 950, '{}', '{}', NULL, 'job'),
	(4, 'police', 2, 'sergeant', 'Sergeant', 1750, '{}', '{}', NULL, 'job'),
	(5, 'police', 3, 'lieutenant', 'Lieutenant', 2500, '{}', '{}', NULL, 'job'),
	(6, 'police', 4, 'boss', 'Captain', 3500, '{}', '{}', NULL, 'job'),
	(22, 'ambulance', 0, 'ambulance', 'Jr. EMT', 20, '{"tshirt_2":0,"hair_color_1":5,"glasses_2":3,"shoes":9,"torso_2":3,"hair_color_2":0,"pants_1":24,"glasses_1":4,"hair_1":2,"sex":0,"decals_2":0,"tshirt_1":15,"helmet_1":8,"helmet_2":0,"arms":92,"face":19,"decals_1":60,"torso_1":13,"hair_2":0,"skin":34,"pants_2":5}', '{"tshirt_2":3,"decals_2":0,"glasses":0,"hair_1":2,"torso_1":73,"shoes":1,"hair_color_2":0,"glasses_1":19,"skin":13,"face":6,"pants_2":5,"tshirt_1":75,"pants_1":37,"helmet_1":57,"torso_2":0,"arms":14,"sex":1,"glasses_2":0,"decals_1":0,"hair_2":0,"helmet_2":0,"hair_color_1":0}', NULL, 'job'),
	(23, 'ambulance', 1, 'doctor', 'EMT', 40, '{"tshirt_2":0,"hair_color_1":5,"glasses_2":3,"shoes":9,"torso_2":3,"hair_color_2":0,"pants_1":24,"glasses_1":4,"hair_1":2,"sex":0,"decals_2":0,"tshirt_1":15,"helmet_1":8,"helmet_2":0,"arms":92,"face":19,"decals_1":60,"torso_1":13,"hair_2":0,"skin":34,"pants_2":5}', '{"tshirt_2":3,"decals_2":0,"glasses":0,"hair_1":2,"torso_1":73,"shoes":1,"hair_color_2":0,"glasses_1":19,"skin":13,"face":6,"pants_2":5,"tshirt_1":75,"pants_1":37,"helmet_1":57,"torso_2":0,"arms":14,"sex":1,"glasses_2":0,"decals_1":0,"hair_2":0,"helmet_2":0,"hair_color_1":0}', NULL, 'job'),
	(24, 'ambulance', 2, 'chief_doctor', 'Sr. EMT', 60, '{"tshirt_2":0,"hair_color_1":5,"glasses_2":3,"shoes":9,"torso_2":3,"hair_color_2":0,"pants_1":24,"glasses_1":4,"hair_1":2,"sex":0,"decals_2":0,"tshirt_1":15,"helmet_1":8,"helmet_2":0,"arms":92,"face":19,"decals_1":60,"torso_1":13,"hair_2":0,"skin":34,"pants_2":5}', '{"tshirt_2":3,"decals_2":0,"glasses":0,"hair_1":2,"torso_1":73,"shoes":1,"hair_color_2":0,"glasses_1":19,"skin":13,"face":6,"pants_2":5,"tshirt_1":75,"pants_1":37,"helmet_1":57,"torso_2":0,"arms":14,"sex":1,"glasses_2":0,"decals_1":0,"hair_2":0,"helmet_2":0,"hair_color_1":0}', NULL, 'job'),
	(25, 'ambulance', 3, 'boss', 'EMT Supervisor', 80, '{"tshirt_2":0,"hair_color_1":5,"glasses_2":3,"shoes":9,"torso_2":3,"hair_color_2":0,"pants_1":24,"glasses_1":4,"hair_1":2,"sex":0,"decals_2":0,"tshirt_1":15,"helmet_1":8,"helmet_2":0,"arms":92,"face":19,"decals_1":60,"torso_1":13,"hair_2":0,"skin":34,"pants_2":5}', '{"tshirt_2":3,"decals_2":0,"glasses":0,"hair_1":2,"torso_1":73,"shoes":1,"hair_color_2":0,"glasses_1":19,"skin":13,"face":6,"pants_2":5,"tshirt_1":75,"pants_1":37,"helmet_1":57,"torso_2":0,"arms":14,"sex":1,"glasses_2":0,"decals_1":0,"hair_2":0,"helmet_2":0,"hair_color_1":0}', NULL, 'job'),
	(41, 'offpolice', 0, 'offpolice', 'Off Duty', 50, '{}', '{}', NULL, 'job'),
	(42, 'offpolice', 1, 'offpolice', 'Off Duty', 50, '{}', '{}', NULL, 'job'),
	(43, 'offpolice', 2, 'offpolice', 'Off Duty', 50, '{}', '{}', NULL, 'job'),
	(44, 'offpolice', 3, 'offpolice', 'Off Duty', 50, '{}', '{}', NULL, 'job'),
	(45, 'offsheriff', 0, 'offsheriff', 'Off Duty', 50, '{}', '{}', NULL, 'job'),
	(46, 'offsheriff', 1, 'offsheriff', 'Off Duty', 50, '{}', '{}', NULL, 'job'),
	(47, 'offsheriff', 2, 'offsheriff', 'Off Duty', 50, '{}', '{}', NULL, 'job'),
	(48, 'offsheriff', 3, 'offsheriff', 'Off Duty', 50, '{}', '{}', NULL, 'job'),
	(49, 'offambulance', 0, 'offambulance', 'Off Duty', 50, '{}', '{}', NULL, 'job'),
	(50, 'offambulance', 1, 'offambulance', 'Off Duty', 50, '{}', '{}', NULL, 'job'),
	(51, 'offambulance', 2, 'offambulance', 'Off Duty', 50, '{}', '{}', NULL, 'job'),
	(52, 'offambulance', 3, 'offambulance', 'Off Duty', 50, '{}', '{}', NULL, 'job'),
	(53, 'lspd', 0, 'recruit', 'Recruit', 500, '{}', '{}', '1234158777603854458', 'job'),
	(54, 'lspd', 1, 'po1', 'Officer 1', 1500, '{}', '{}', '1221624077723238407', 'job'),
	(55, 'lspd', 2, 'po2', 'Officer 2', 1750, '{}', '{}', '1221624077723238408', 'job'),
	(56, 'lspd', 3, 'po3', 'Officer 3', 2250, '{}', '{}', '1221624077723238409', 'job'),
	(57, 'lspd', 4, 'sgt1', 'Sergeant 1', 3000, '{}', '{}', '1221624077740150825', 'job'),
	(58, 'lspd', 5, 'sgt2', 'Sergeant 2', 3000, '{}', '{}', '1221624077740150826', 'job'),
	(59, 'lspd', 6, 'det1', 'Detective 1', 2500, '{}', '{}', '1221624077740150828', 'job'),
	(60, 'lspd', 7, 'det2', 'Detective 2', 2500, '{}', '{}', '1226794684823769139', 'job'),
	(61, 'lspd', 8, 'det3', 'Detective 3', 2500, '{}', '{}', '1226794776917966868', 'job'),
	(62, 'lspd', 9, 'lt1', 'Lieutenant 1', 3000, '{}', '{}', '1226795126245036083', 'job'),
	(63, 'lspd', 10, 'lt2', 'Lieutenant 2', 3000, '{}', '{}', '1226795170465447946', 'job'),
	(64, 'lspd', 11, 'captain', 'Captain', 3000, '{}', '{}', '1226795207601688686', 'job'),
	(65, 'lspd', 12, 'commander', 'Commander', 3750, '{}', '{}', '1226795354012520449', 'job'),
	(66, 'lspd', 13, 'deputychief', 'Deputy Chief', 3750, '{}', '{}', '1221624077740150829', 'job'),
	(67, 'lspd', 14, 'chiefofpolice', 'Chief Of Police', 3750, '{}', '{}', '1221624077740150831', 'job'),
	(68, 'amr', 0, 'Recruit', 'Recruit', 500, '{}', '{}', '1221624077723238402', 'job'),
	(69, 'amr', 1, 'p1', 'Paramedic 1', 1500, '{}', '{}', '1221624077723238403', 'job'),
	(70, 'amr', 2, 'p2', 'Paramedic 2', 2500, '{}', '{}', '1232474979623370793', 'job'),
	(71, 'amr', 3, 'fto', 'FTO', 3000, '{}', '{}', '1226803657073365053', 'job'),
	(72, 'amr', 4, 'manager', 'Manager', 3500, '{}', '{}', '1221624077723238404', 'job'),
	(73, 'amr', 5, 'director', 'Director', 4000, '{}', '{}', '1221624077723238405', 'job'),
	(74, 'sahp', 0, 'recruit', 'Recruit', 500, '{}', '{}', '1234158126157271102', 'job'),
	(75, 'sahp', 1, 'trooper1', 'Trooper 1', 1500, '{}', '{}', '1221624077740150833', 'job'),
	(76, 'sahp', 2, 'trooper2', 'Trooper 2', 1750, '{}', '{}', '1221624077740150834', 'job'),
	(77, 'sahp', 4, 'trooper3', 'Trooper 3', 2250, '{}', '{}', '1226796300289310823', 'job'),
	(78, 'sahp', 5, 'mastertrooper', 'Master Trooper', 3000, '{}', '{}', '1233752466953212016', 'job'),
	(79, 'sahp', 6, 'supervisor', 'Supervisor', 3000, '{}', '{}', '1233232915551359027', 'job'),
	(80, 'sahp', 7, 'lieutenant', 'Lieutenant', 3000, '{}', '{}', '1221624077756665936', 'job'),
	(81, 'sahp', 8, 'undercaptain', 'Undercaptain', 3000, '{}', '{}', '1221624077756665937', 'job'),
	(82, 'sahp', 9, 'captain', 'Captain', 3750, '{}', '{}', '1221624077756665938', 'job'),
	(83, 'busdriver', 0, 'intern', 'Intern', 250, '{}', '{}', NULL, 'job'),
	(84, 'trucker', 0, 'intern', 'Intern', 250, '{}', '{}', NULL, 'job'),
	(85, 'gopostal', 0, 'intern', 'Intern', 250, '{}', '{}', NULL, 'job'),
	(92, 'd4l', 0, 'recruit', 'Recruit', 0, '{"tshirt_1": 2, "tshirt_2": 0}', '{"tshirt_1": 149, "tshirt_2": 2}', '1230943880384479242', 'gang'),
	(93, 'd4l', 1, 'member', 'Member', 0, '{"tshirt_1": 2, "tshirt_2": 0}', '{"tshirt_1": 149, "tshirt_2": 2}', '1230943880384479242', 'gang'),
	(94, 'd4l', 2, 'leader', 'Leader', 0, '{"tshirt_1": 2, "tshirt_2": 0}', '{"tshirt_1": 149, "tshirt_2": 2}', '1230943880384479242', 'gang'),
	(95, 'd4l', 3, 'exec', 'Executive', 0, '{"tshirt_1": 2, "tshirt_2": 0}', '{"tshirt_1": 149, "tshirt_2": 2}', '1230942985840234538', 'gang'),
	(96, 'ysl', 0, 'recruit', 'Recruit', 0, '{"tshirt_1": 2, "tshirt_2": 9}', '{"tshirt_1": 149, "tshirt_2": 3}', '1229590998074658907', 'gang'),
	(97, 'ysl', 1, 'member', 'Member', 0, '{"tshirt_1": 2, "tshirt_2": 9}', '{"tshirt_1": 149, "tshirt_2": 3}', '1229590998074658907', 'gang'),
	(98, 'ysl', 2, 'leader', 'Leader', 0, '{"tshirt_1": 2, "tshirt_2": 9}', '{"tshirt_1": 149, "tshirt_2": 3}', '1229590998074658907', 'gang'),
	(99, 'ysl', 3, 'exec', 'Executive', 0, '{"tshirt_1": 2, "tshirt_2": 9}', '{"tshirt_1": 149, "tshirt_2": 3}', '1229590922400895007', 'gang'),
	(101, 'abm', 0, 'recruit', 'Recruit', 0, '{"tshirt_1": 2, "tshirt_2": 2}', '{"tshirt_1": 149, "tshirt_2": 7}', '1236357254807294062', 'gang'),
	(102, 'abm', 1, 'member', 'Member', 0, '{"tshirt_1": 2, "tshirt_2": 2}', '{"tshirt_1": 149, "tshirt_2": 7}', '1236357254807294062', 'gang'),
	(103, 'abm', 2, 'leader', 'Leader', 0, '{"tshirt_1": 2, "tshirt_2": 2}', '{"tshirt_1": 149, "tshirt_2": 7}', '1236357254807294062', 'gang'),
	(104, 'abm', 3, 'exec', 'Executive', 0, '{"tshirt_1": 2, "tshirt_2": 2}', '{"tshirt_1": 149, "tshirt_2": 7}', '1236357098498166804', 'gang'),
	(109, 'tic', 0, 'recruit', 'Recruit', 0, '{"tshirt_1": 2, "tshirt_2": 5}', '{"tshirt_1": 149, "tshirt_2": 9}', '1250749173192720426', 'gang'),
	(110, 'tic', 1, 'member', 'Member', 0, '{"tshirt_1": 2, "tshirt_2": 5}', '{"tshirt_1": 149, "tshirt_2": 9}', '1250749173192720426', 'gang'),
	(111, 'tic', 2, 'leader', 'Leader', 0, '{"tshirt_1": 2, "tshirt_2": 5}', '{"tshirt_1": 149, "tshirt_2": 9}', '1250749173192720426', 'gang'),
	(112, 'tic', 3, 'exec', 'Executive', 0, '{"tshirt_1": 2, "tshirt_2": 5}', '{"tshirt_1": 149, "tshirt_2": 9}', '1250749191114719264', 'gang'),
	(113, 'stk', 0, 'recruit', 'Recruit', 0, '{"tshirt_1": 2, "tshirt_2": 3}', '{"tshirt_1": 2, "tshirt_2": 3}', '1236340089597198446', 'gang'),
	(114, 'stk', 1, 'member', 'Member', 0, '{"tshirt_1": 2, "tshirt_2": 3}', '{"tshirt_1": 2, "tshirt_2": 3}', '1236340089597198446', 'gang'),
	(115, 'stk', 2, 'leader', 'Leader', 0, '{"tshirt_1": 2, "tshirt_2": 3}', '{"tshirt_1": 2, "tshirt_2": 3}', '1236340089597198446', 'gang'),
	(116, 'stk', 3, 'exec', 'Executive', 0, '{"tshirt_1": 2, "tshirt_2": 3}', '{"tshirt_1": 2, "tshirt_2": 3}', '1236512527936917524', 'gang'),
	(117, 'sadot', 0, 'recruit', 'Recruit', 1000, '{}', '{}', '1234680263217512458', 'job'),
	(118, 'sadot', 1, 'employee', 'Employee', 2000, '{}', '{}', '1226803361463140434', 'job'),
	(119, 'sadot', 2, 'supervisor', 'Supervisor', 3000, '{}', '{}', '1234237864041119896', 'job'),
	(120, 'sadot', 3, 'director', 'Director', 3500, '{}', '{}', '1226801714540314674', 'job'),
	(121, 'burgershot', 0, 'employee', 'Employee', 3500, '{}', '{}', '1234238205235040489', 'job'),
	(122, 'burgershot', 1, 'manager', 'Manager', 3500, '{}', '{}', '1234238310109544498', 'job'),
	(123, 'burgershot', 2, 'owner', 'Owner', 3500, '{}', '{}', '1232816582858772482', 'job'),
	(124, 'lscso', 0, 'cadet', 'Cadet', 500, '{}', '{}', '1236805964448006224', 'job'),
	(125, 'lscso', 1, 'dep1', 'Deputy 1', 1500, '{}', '{}', '1236805723820920953', 'job'),
	(126, 'lscso', 2, 'dep2', 'Deputy 2', 1750, '{}', '{}', '1236805583710191679', 'job'),
	(127, 'lscso', 3, 'dep3', 'Deputy 3', 2250, '{}', '{}', '1236805489543872542', 'job'),
	(129, 'lscso', 4, 'sergeant', 'Sergeant', 3000, '{}', '{}', '1236805312804032623', 'job'),
	(130, 'lscso', 5, 'lieutentant', 'Lieutenant', 3000, '{}', '{}', '1236805094075535433', 'job'),
	(131, 'lscso', 6, 'undersheriff', 'Undersheriff', 3000, '{}', '{}', '1236804847454388264', 'job'),
	(132, 'lscso', 7, 'sheriff', 'Sheriff', 3750, '{}', '{}', '1236731078866370671', 'job'),
	(133, 'mg', 0, 'recruit', 'Recruit', 0, '{"tshirt_1": 2, "tshirt_2": 8}', '{"tshirt_1": 149, "tshirt_2": 11}', '1252723597227724911', 'gang'),
	(134, 'mg', 1, 'member', 'Member', 0, '{"tshirt_1": 2, "tshirt_2": 8}', '{"tshirt_1": 149, "tshirt_2": 11}', '1252723597227724911', 'gang'),
	(135, 'mg', 2, 'leader', 'Leader', 0, '{"tshirt_1": 2, "tshirt_2": 8}', '{"tshirt_1": 149, "tshirt_2": 11}', '1252723597227724911', 'gang'),
	(136, 'mg', 3, 'exec', 'Executive', 0, '{"tshirt_1": 2, "tshirt_2": 8}', '{"tshirt_1": 149, "tshirt_2": 11}', '1252110159921287168', 'gang'),
	(137, 'crips', 3, 'exec', 'Executive', 0, '{"tshirt_1": 2, "tshirt_2": 13}', '{"tshirt_1": 149, "tshirt_2": 8}', '1238428525854457949', 'gang'),
	(138, 'crips', 2, 'leader', 'Leader', 0, '{"tshirt_1": 2, "tshirt_2": 13}', '{"tshirt_1": 149, "tshirt_2": 8}', '1238429051220262982', 'gang'),
	(139, 'crips', 1, 'member', 'Member', 0, '{"tshirt_1": 2, "tshirt_2": 13}', '{"tshirt_1": 149, "tshirt_2": 8}', '1238429051220262982', 'gang'),
	(140, 'crips', 0, 'recruit', 'Recruit', 0, '{"tshirt_1": 2, "tshirt_2": 13}', '{"tshirt_1": 149, "tshirt_2": 8}', '1238429051220262982', 'gang'),
	(141, 'ebk', 3, 'exec', 'Executive', 0, '{"tshirt_1": 2, "tshirt_2": 14}', '{"tshirt_1": 149, "tshirt_2": 2}', '1239038042241499258', 'gang'),
	(142, 'ebk', 2, 'leader', 'Leader', 0, '{"tshirt_1": 2, "tshirt_2": 14}', '{"tshirt_1": 149, "tshirt_2": 2}', '1239037607288242216', 'gang'),
	(143, 'ebk', 1, 'member', 'Member', 0, '{"tshirt_1": 2, "tshirt_2": 14}', '{"tshirt_1": 149, "tshirt_2": 2}', '1239037607288242216', 'gang'),
	(144, 'ebk', 0, 'recruit', 'Recruit', 0, '{"tshirt_1": 2, "tshirt_2": 14}', '{"tshirt_1": 149, "tshirt_2": 2}', '1239037607288242216', 'gang'),
	(153, 'ace', 0, 'recruit', 'Recruit', 0, '{"tshirt_1": 2, "tshirt_2": 1}', '{"tshirt_1": 149, "tshirt_2": 10}', '1255352688535932939', 'gang'),
	(154, 'ace', 1, 'member', 'Member', 0, '{"tshirt_1": 2, "tshirt_2": 1}', '{"tshirt_1": 149, "tshirt_2": 10}', '1255352688535932939', 'gang'),
	(155, 'ace', 2, 'leader', 'Leader', 0, '{"tshirt_1": 2, "tshirt_2": 1}', '{"tshirt_1": 149, "tshirt_2": 10}', '1255352688535932939', 'gang'),
	(156, 'ace', 3, 'exec', 'Executive', 0, '{"tshirt_1": 2, "tshirt_2": 1}', '{"tshirt_1": 149, "tshirt_2": 10}', '1255352451607822418', 'gang'),
	(157, 'vu', 0, 'employee', 'Stripper', 2000, '{}', '{}', '1239036865269465159', 'job'),
	(158, 'vu', 1, 'manager', 'Security', 3000, '{}', '{}', '1239054298508165182', 'job'),
	(159, 'vu', 2, 'owner', 'Owner', 3500, '{}', '{}', '1239036868490825770', 'job'),
	(160, 'wsm', 0, 'recruit', 'Recruit', 0, '{"tshirt_1": 2, "tshirt_2": 15}', '{"tshirt_1": 149, "tshirt_2": 4}', '1251162732439539724', 'gang'),
	(161, 'wsm', 1, 'member', 'Member', 0, '{"tshirt_1": 2, "tshirt_2": 15}', '{"tshirt_1": 149, "tshirt_2": 4}', '1251162732439539724', 'gang'),
	(162, 'wsm', 2, 'leader', 'Leader', 0, '{"tshirt_1": 2, "tshirt_2": 15}', '{"tshirt_1": 149, "tshirt_2": 4}', '1251162732439539724', 'gang'),
	(163, 'wsm', 3, 'exec', 'Executive', 0, '{"tshirt_1": 2, "tshirt_2": 15}', '{"tshirt_1": 149, "tshirt_2": 4}', '1251162615296819333', 'gang'),
	(164, 'doj', 0, 'defenseatty', 'Defense Attorney', 1500, '{}', '{}', '1238226065843814440', 'job'),
	(165, 'doj', 1, 'stateatty', 'State Attorney', 2500, '{}', '{}', '1238226039201730773', 'job'),
	(166, 'doj', 2, 'judge', 'Judge', 3000, '{}', '{}', '1238226033719640186', 'job'),
	(167, 'doj', 3, 'chiefjudge', 'Chief Judge', 4000, '{}', '{}', '1238226015847977070', 'job'),
	(168, 'casino', 0, 'employee', 'Employee', 1500, '{}', '{}', '1234209912889020457', 'job'),
	(169, 'casino', 1, 'manager', 'Manager', 2500, '{}', '{}', '1234210043012972594', 'job'),
	(170, 'casino', 2, 'coowner', 'Co-Owner', 3500, '{}', '{}', '1234607098294304878', 'job'),
	(171, 'casino', 3, 'owner', 'Owner', 3500, '{}', '{}', '1234209771423404042', 'job'),
	(172, 'lux', 3, 'owner', 'Owner', 3500, '{}', '{}', '1240363521561329828', 'job'),
	(173, 'lux', 2, 'coowner', 'Co-Owner', 3500, '{}', '{}', '1240823936938410074', 'job'),
	(174, 'lux', 1, 'manager', 'Manager', 2500, '{}', '{}', '1240363771969540197', 'job'),
	(175, 'lux', 0, 'employee', 'Employee', 1500, '{}', '{}', '1240363863518613525', 'job'),
	(176, 'beanmachine', 0, 'employee', 'Employee', 2500, '{}', '{}', '1239049219088846999', 'job'),
	(177, 'beanmachine', 1, 'manager', 'Manager', 3000, '{}', '{}', '1239049213720137779', 'job'),
	(178, 'beanmachine', 2, 'coowner', 'Co-Owner', 3500, '{}', '{}', '1239049206195556403', 'job'),
	(179, 'beanmachine', 3, 'owner', 'NIGGA OWNER ', 3500, '{}', '{}', '1239049223002132482', 'job'),
	(180, 'upnatom', 0, 'employee', 'Employee', 1750, '{}', '{}', '1239040939473768544', 'job'),
	(181, 'upnatom', 1, 'manager', 'Manager', 3000, '{}', '{}', '1239040945635463170', 'job'),
	(182, 'upnatom', 2, 'coowner', 'Co-Owner', 3500, '{}', '{}', '1239040949083049994', 'job'),
	(183, 'upnatom', 3, 'owner', 'Owner', 3500, '{}', '{}', '1239040932368613417', 'job'),
	(184, 'hornys', 0, 'employee', 'Employee', 1500, '{}', '{}', '1242508850721067069', 'job'),
	(185, 'hornys', 1, 'manager', 'Manager', 2500, '{}', '{}', '1242508853481046117', 'job'),
	(186, 'hornys', 2, 'coowner', 'Co-Owner', 3500, '{}', '{}', '1242508853481046117', 'job'),
	(187, 'hornys', 3, 'owner', 'Owner', 3500, '{}', '{}', '1242508844597252117', 'job'),
	(188, 'ytb', 0, 'recruit', 'Recruit', 0, '{"tshirt_1": 2, "tshirt_2": 3}', '{"tshirt_1": 149, "tshirt_2": 1}', '1245522530840743966', 'gang'),
	(189, 'ytb', 1, 'member', 'Member', 0, '{"tshirt_1": 2, "tshirt_2": 3}', '{"tshirt_1": 149, "tshirt_2": 1}', '1245522530840743966', 'gang'),
	(190, 'ytb', 2, 'leader', 'Leader', 0, '{"tshirt_1": 2, "tshirt_2": 3}', '{"tshirt_1": 149, "tshirt_2": 1}', '1245522530840743966', 'gang'),
	(191, 'ytb', 3, 'exec', 'Executive', 0, '{"tshirt_1": 2, "tshirt_2": 3}', '{"tshirt_1": 149, "tshirt_2": 1}', '1245522629276864533', 'gang'),
	(192, 'myns', 0, 'recruit', 'Recruit', 0, '{"tshirt_1": 2, "tshirt_2": 0}', '{"tshirt_1": 149, "tshirt_2": 0}', '1246242010818543787', 'gang'),
	(193, 'myns', 1, 'member', 'Member', 0, '{"tshirt_1": 2, "tshirt_2": 0}', '{"tshirt_1": 149, "tshirt_2": 0}', '1246242010818543787', 'gang'),
	(194, 'myns', 2, 'leader', 'Leader', 0, '{"tshirt_1": 2, "tshirt_2": 0}', '{"tshirt_1": 149, "tshirt_2": 0}', '1246242010818543787', 'gang'),
	(195, 'myns', 3, 'exec', 'Executive', 0, '{"tshirt_1": 2, "tshirt_2": 0}', '{"tshirt_1": 149, "tshirt_2": 0}', '1246241998659260436', 'gang'),
	(196, 'sanitation', 0, 'intern', 'Intern', 0, '{}', '{}', NULL, 'job'),
	(197, 'rgb', 0, 'recruit', 'Recruit', 0, '{"tshirt_1": 2, "tshirt_2": 7}', '{"tshirt_1": 149, "tshirt_2": 5}', '1250206090323296256', 'gang'),
	(198, 'rgb', 1, 'member', 'Member', 0, '{"tshirt_1": 2, "tshirt_2": 7}', '{"tshirt_1": 149, "tshirt_2": 5}', '1250206090323296256', 'gang'),
	(199, 'rgb', 2, 'leader', 'Leader', 0, '{"tshirt_1": 2, "tshirt_2": 7}', '{"tshirt_1": 149, "tshirt_2": 5}', '1250206090323296256', 'gang'),
	(200, 'rgb', 3, 'exec', 'Executive', 0, '{"tshirt_1": 2, "tshirt_2": 7}', '{"tshirt_1": 149, "tshirt_2": 5}', '1250205995041554552', 'gang'),
	(201, 'ttg', 0, 'recruit', 'Recruit', 0, '{"tshirt_1": 2, "tshirt_2": 6}', '{"tshirt_1": 149, "tshirt_2": 6}', '1251177767454642227', 'gang'),
	(202, 'ttg', 1, 'member', 'Member', 0, '{"tshirt_1": 2, "tshirt_2": 6}', '{"tshirt_1": 149, "tshirt_2": 6}', '1251177767454642227', 'gang'),
	(203, 'ttg', 2, 'leader', 'Leader', 0, '{"tshirt_1": 2, "tshirt_2": 6}', '{"tshirt_1": 149, "tshirt_2": 6}', '1251177767454642227', 'gang'),
	(204, 'ttg', 3, 'exec', 'Executive', 0, '{"tshirt_1": 2, "tshirt_2": 6}', '{"tshirt_1": 149, "tshirt_2": 6}', '1251177728741347378', 'gang'),
	(205, 'splitsides', 0, 'employee', 'Employee', 1500, '{}', '{}', '1244288386840395838', 'job'),
	(206, 'splitsides', 1, 'manager', 'Manager', 2500, '{}', '{}', '1244288407598010411', 'job'),
	(207, 'splitsides', 2, 'coowner', 'Co-Owner', 2500, '{}', '{}', '1244288401167876166', 'job'),
	(208, 'splitsides', 3, 'owner', 'Owner', 3500, '{}', '{}', '1244288395442651286', 'job'),
	(209, 'bestbuds', 0, 'employee', 'Employee', 1500, '{}', '{}', '1252065657000824852', 'job'),
	(210, 'bestbuds', 1, 'manager', 'Manager', 2500, '{}', '{}', '1252107772456341544', 'job'),
	(211, 'bestbuds', 2, 'coowner', 'Co-Owner', 3500, '{}', '{}', '1252109972938952714', 'job'),
	(212, 'bestbuds', 3, 'owner', 'Owner', 3500, '{}', '{}', '1252107832430432297', 'job');

INSERT INTO `licenses` (`type`, `label`) VALUES
	('boat', 'Boat License'),
	('dmv', 'Driving Permit'),
	('drive', 'Drivers License'),
	('drive_bike', 'Motorcycle License'),
	('drive_truck', 'Commercial Drivers License'),
	('weapon', 'Weapon License'),
	('weed_processing', 'Weed Processing License');
